{
  "ie": {
    "6": 0,
    "7": 0.006199703222902243,
    "8": 0,
    "9": 0.010782092561569118,
    "10": 0.0005391046280784559,
    "11": 0.4069361201448573,
    "5.5": 0
  },
  "edge": {
    "12": 0.004447613181647261,
    "13": 0.0022911946693334375,
    "14": 0.017386124255530204,
    "15": 0.044476131816472614,
    "16": 0.056201657477179034,
    "17": 0.29772053085632727,
    "18": 2.8103524261729906,
    "79": 0,
    "80": 0.013881944173020239,
    "81": 0.10728182098761273,
    "83": 1.9717751771969525,
    "84": 1.3337448498661
  },
  "firefox": {
    "2": 0,
    "3": 0,
    "4": 0,
    "5": 0,
    "6": 0,
    "7": 0,
    "8": 0,
    "9": 0,
    "10": 0.00013477615701961397,
    "11": 0,
    "12": 0,
    "13": 0,
    "14": 0,
    "15": 0,
    "16": 0,
    "17": 0.00013477615701961397,
    "18": 0,
    "19": 0,
    "20": 0,
    "21": 0,
    "22": 0,
    "23": 0,
    "24": 0,
    "25": 0,
    "26": 0,
    "27": 0,
    "28": 0,
    "29": 0,
    "30": 0,
    "31": 0.0004043284710588419,
    "32": 0,
    "33": 0.00026955231403922794,
    "34": 0,
    "35": 0,
    "36": 0.00026955231403922794,
    "37": 0,
    "38": 0.0010782092561569118,
    "39": 0,
    "40": 0.0006738807850980699,
    "41": 0,
    "42": 0,
    "43": 0.0004043284710588419,
    "44": 0.009569107148392592,
    "45": 0.0018868661982745956,
    "46": 0.00026955231403922794,
    "47": 0,
    "48": 0.00013477615701961397,
    "49": 0.003638956239529577,
    "50": 0.0024259708263530515,
    "51": 0.0005391046280784559,
    "52": 0.036659114709335,
    "53": 0,
    "54": 0.00013477615701961397,
    "55": 0.00026955231403922794,
    "56": 0.00026955231403922794,
    "57": 0.0010782092561569118,
    "58": 0.0016173138842353676,
    "59": 0.0022911946693334375,
    "60": 0.028842097602197393,
    "61": 0,
    "62": 0.0004043284710588419,
    "63": 0.0005391046280784559,
    "64": 0.005121493966745331,
    "65": 0.0021564185123138235,
    "66": 0.06415345074133626,
    "67": 0.0066040316939610854,
    "68": 0.017116571941490976,
    "69": 0,
    "70": 0.0021564185123138235,
    "71": 0.0016173138842353676,
    "72": 0.018733885825726344,
    "73": 0.0017520900412549816,
    "74": 0.01186030181772603,
    "75": 0.0022911946693334375,
    "76": 0.16563989697710557,
    "77": 1.1226853879733842,
    "78": 0.7803539491435649,
    "79": 0.34084890110260374,
    "80": 0.015499258057255608,
    "81": 0,
    "3.5": 0,
    "3.6": 0
  },
  "chrome": {
    "4": 0,
    "5": 0,
    "6": 0,
    "7": 0,
    "8": 0,
    "9": 0,
    "10": 0,
    "11": 0,
    "12": 0,
    "13": 0,
    "14": 0,
    "15": 0,
    "16": 0,
    "17": 0,
    "18": 0.00026955231403922794,
    "19": 0,
    "20": 0,
    "21": 0,
    "22": 0.00026955231403922794,
    "23": 0.0004043284710588419,
    "24": 0,
    "25": 0.00026955231403922794,
    "26": 0,
    "27": 0,
    "28": 0,
    "29": 0,
    "30": 0,
    "31": 0,
    "32": 0,
    "33": 0.0004043284710588419,
    "34": 0.0008086569421176838,
    "35": 0.0009434330991372978,
    "36": 0.0012129854131765257,
    "37": 0.0013477615701961397,
    "38": 0.011995077974745643,
    "39": 0,
    "40": 0.0006738807850980699,
    "41": 0.0022911946693334375,
    "42": 0,
    "43": 0,
    "44": 0.0030998516114511213,
    "45": 0,
    "46": 0.0018868661982745956,
    "47": 0.0006738807850980699,
    "48": 0.037198219337413456,
    "49": 0.09178256293035712,
    "50": 0.0017520900412549816,
    "51": 0.004043284710588419,
    "52": 0.0009434330991372978,
    "53": 0.0032346277684707353,
    "54": 0.0009434330991372978,
    "55": 0.018733885825726344,
    "56": 0.0005391046280784559,
    "57": 0.012264630288784871,
    "58": 0.0022911946693334375,
    "59": 0.0012129854131765257,
    "60": 0.03733299549443307,
    "61": 0,
    "62": 0.0067388078509806985,
    "63": 0.011455973346667188,
    "64": 0.09434330991372977,
    "65": 0.040298070948864576,
    "66": 0.09245644371545518,
    "67": 0.01630791499937329,
    "68": 0.002830299297411894,
    "69": 0.014016720330039853,
    "70": 0.10350808859106353,
    "71": 0.028707321445177778,
    "72": 0.09420853375671018,
    "73": 0.020485975866981324,
    "74": 0.013477615701961397,
    "75": 0.02978553070133469,
    "76": 0.12830690148267251,
    "77": 0.0636143461132578,
    "78": 0.026685679089883566,
    "79": 0.21577662738840198,
    "80": 0.24313618726338362,
    "81": 0.474142520395002,
    "83": 10.552973094635774,
    "84": 4.179408629178229,
    "85": 0.0032346277684707353,
    "86": 0,
    "87": 0
  },
  "safari": {
    "4": 0,
    "5": 0.010647316404549504,
    "6": 0,
    "7": 0.0006738807850980699,
    "8": 0.0012129854131765257,
    "9": 0.007412688636078769,
    "10": 0.0018868661982745956,
    "11": 0.007277912479059154,
    "12": 0.05148449198149254,
    "13": 0.8028615673658405,
    "14": 0.010782092561569118,
    "3.1": 0,
    "3.2": 0,
    "5.1": 0.0008086569421176838,
    "6.1": 0,
    "7.1": 0,
    "9.1": 0.014286272644079083,
    "10.1": 0.06132315144392436,
    "11.1": 0.13315884313537862,
    "12.1": 0.2739999272208752,
    "13.1": 11.154074754943252,
    "TP": 0
  },
  "opera": {
    "9": 0,
    "11": 0.004851941652706103,
    "12": 0.0022911946693334375,
    "15": 0,
    "16": 0,
    "17": 0,
    "18": 0,
    "19": 0,
    "20": 0,
    "21": 0,
    "22": 0,
    "23": 0,
    "24": 0,
    "25": 0,
    "26": 0,
    "27": 0,
    "28": 0,
    "29": 0,
    "30": 0,
    "31": 0,
    "32": 0,
    "33": 0,
    "34": 0,
    "35": 0,
    "36": 0.019946871238902868,
    "37": 0,
    "38": 0,
    "39": 0,
    "40": 0,
    "41": 0,
    "42": 0,
    "43": 0,
    "44": 0,
    "45": 0,
    "46": 0,
    "47": 0,
    "48": 0,
    "49": 0.00026955231403922794,
    "50": 0,
    "51": 0,
    "52": 0,
    "53": 0,
    "54": 0,
    "55": 0,
    "56": 0,
    "57": 0.00026955231403922794,
    "58": 0,
    "60": 0,
    "62": 0,
    "63": 0,
    "64": 0,
    "65": 0.00026955231403922794,
    "66": 0,
    "67": 0,
    "68": 0.1118642103262796,
    "69": 0.028572545288158165,
    "9.5-9.6": 0,
    "10.0-10.1": 0,
    "10.5": 0,
    "10.6": 0,
    "11.1": 0.0022911946693334375,
    "11.5": 0.0016173138842353676,
    "11.6": 0.0006738807850980699,
    "12.1": 0.0014825377272157537
  },
  "ios_saf": {
    "8": 0.0006738807850980699,
    "3.2": 0,
    "4.0-4.1": 0,
    "4.2-4.3": 0.0029650754544315074,
    "5.0-5.1": 0.008895226363294522,
    "6.0-6.1": 0.0021564185123138235,
    "7.0-7.1": 0.013073287230902555,
    "8.1-8.4": 0.019138214296785184,
    "9.0-9.2": 0.01792522888360866,
    "9.3": 1.0763223899586372,
    "10.0-10.2": 0.0896261444180433,
    "10.3": 1.1660833105337,
    "11.0-11.2": 0.1776349749518512,
    "11.3-11.4": 0.35675248763091816,
    "12.0-12.1": 0.29367724614573887,
    "12.2-12.4": 5.664641879534376,
    "13.0-13.1": 0.1677963154894194,
    "13.2": 0.05997538987372821,
    "13.3": 1.393450687425789,
    "13.4-13.5": 19.3492737586779,
    "14.0": 0.03558090545317809
  },
  "op_mini": {
    "all": 0
  },
  "android": {
    "3": 0,
    "4": 0.0004043284710588419,
    "81": 0.9752402721939267,
    "2.1": 0,
    "2.2": 0.0014825377272157537,
    "2.3": 0.0021564185123138235,
    "4.1": 0,
    "4.2-4.3": 0.0004043284710588419,
    "4.4": 0.0014825377272157537,
    "4.4.3-4.4.4": 0
  },
  "bb": {
    "7": 0,
    "10": 0
  },
  "op_mob": {
    "10": 0.005795374751843401,
    "11": 0.005795374751843401,
    "12": 0.005795374751843401,
    "46": 0.005795374751843401,
    "11.1": 0.005795374751843401,
    "11.5": 0.005795374751843401,
    "12.1": 0.005795374751843401
  },
  "and_chr": {
    "84": 16.1031900168605
  },
  "and_ff": {
    "68": 0.33316666015248575
  },
  "ie_mob": {
    "10": 0,
    "11": 0
  },
  "and_uc": {
    "12.12": 0.007277912479059154
  },
  "samsung": {
    "4": 0.0004043284710588419,
    "5.0-5.4": 0.02614657446180511,
    "6.2-6.4": 0.0032346277684707353,
    "7.2-7.4": 0.011590749503686801,
    "8.2": 0.018733885825726344,
    "9.2": 0.10027346082259278,
    "10.1": 0.05795374751843401,